name,ip-address,color,set-if-exists,comments
Test-host-001,192.168.100.1,cyan,true,Created by 300-host batch test
Test-host-002,192.168.100.2,cyan,true,Created by 300-host batch test
Test-host-003,192.168.100.3,cyan,true,Created by 300-host batch test
Test-host-004,192.168.100.4,cyan,true,Created by 300-host batch test
Test-host-005,192.168.100.5,cyan,true,Created by 300-host batch test
Test-host-006,192.168.100.6,cyan,true,Created by 300-host batch test
Test-host-007,192.168.100.7,cyan,true,Created by 300-host batch test
Test-host-008,192.168.100.8,cyan,true,Created by 300-host batch test
Test-host-009,192.168.100.9,cyan,true,Created by 300-host batch test
Test-host-010,192.168.100.10,cyan,true,Created by 300-host batch test
Test-host-011,192.168.100.11,cyan,true,Created by 300-host batch test
Test-host-012,192.168.100.12,cyan,true,Created by 300-host batch test
Test-host-013,192.168.100.13,cyan,true,Created by 300-host batch test
Test-host-014,192.168.100.14,cyan,true,Created by 300-host batch test
Test-host-015,192.168.100.15,cyan,true,Created by 300-host batch test
Test-host-016,192.168.100.16,cyan,true,Created by 300-host batch test
Test-host-017,192.168.100.17,cyan,true,Created by 300-host batch test
Test-host-018,192.168.100.18,cyan,true,Created by 300-host batch test
Test-host-019,192.168.100.19,cyan,true,Created by 300-host batch test
Test-host-020,192.168.100.20,cyan,true,Created by 300-host batch test
Test-host-021,192.168.100.21,cyan,true,Created by 300-host batch test
Test-host-022,192.168.100.22,cyan,true,Created by 300-host batch test
Test-host-023,192.168.100.23,cyan,true,Created by 300-host batch test
Test-host-024,192.168.100.24,cyan,true,Created by 300-host batch test
Test-host-025,192.168.100.25,cyan,true,Created by 300-host batch test
Test-host-026,192.168.100.26,cyan,true,Created by 300-host batch test
Test-host-027,192.168.100.27,cyan,true,Created by 300-host batch test
Test-host-028,192.168.100.28,cyan,true,Created by 300-host batch test
Test-host-029,192.168.100.29,cyan,true,Created by 300-host batch test
Test-host-030,192.168.100.30,cyan,true,Created by 300-host batch test
Test-host-031,192.168.100.31,cyan,true,Created by 300-host batch test
Test-host-032,192.168.100.32,cyan,true,Created by 300-host batch test
Test-host-033,192.168.100.33,cyan,true,Created by 300-host batch test
Test-host-034,192.168.100.34,cyan,true,Created by 300-host batch test
Test-host-035,192.168.100.35,cyan,true,Created by 300-host batch test
Test-host-036,192.168.100.36,cyan,true,Created by 300-host batch test
Test-host-037,192.168.100.37,cyan,true,Created by 300-host batch test
Test-host-038,192.168.100.38,cyan,true,Created by 300-host batch test
Test-host-039,192.168.100.39,cyan,true,Created by 300-host batch test
Test-host-040,192.168.100.40,cyan,true,Created by 300-host batch test
Test-host-041,192.168.100.41,cyan,true,Created by 300-host batch test
Test-host-042,192.168.100.42,cyan,true,Created by 300-host batch test
Test-host-043,192.168.100.43,cyan,true,Created by 300-host batch test
Test-host-044,192.168.100.44,cyan,true,Created by 300-host batch test
Test-host-045,192.168.100.45,cyan,true,Created by 300-host batch test
Test-host-046,192.168.100.46,cyan,true,Created by 300-host batch test
Test-host-047,192.168.100.47,cyan,true,Created by 300-host batch test
Test-host-048,192.168.100.48,cyan,true,Created by 300-host batch test
Test-host-049,192.168.100.49,cyan,true,Created by 300-host batch test
Test-host-050,192.168.100.50,cyan,true,Created by 300-host batch test
Test-host-051,192.168.100.51,cyan,true,Created by 300-host batch test
Test-host-052,192.168.100.52,cyan,true,Created by 300-host batch test
Test-host-053,192.168.100.53,cyan,true,Created by 300-host batch test
Test-host-054,192.168.100.54,cyan,true,Created by 300-host batch test
Test-host-055,192.168.100.55,cyan,true,Created by 300-host batch test
Test-host-056,192.168.100.56,cyan,true,Created by 300-host batch test
Test-host-057,192.168.100.57,cyan,true,Created by 300-host batch test
Test-host-058,192.168.100.58,cyan,true,Created by 300-host batch test
Test-host-059,192.168.100.59,cyan,true,Created by 300-host batch test
Test-host-060,192.168.100.60,cyan,true,Created by 300-host batch test
Test-host-061,192.168.100.61,cyan,true,Created by 300-host batch test
Test-host-062,192.168.100.62,cyan,true,Created by 300-host batch test
Test-host-063,192.168.100.63,cyan,true,Created by 300-host batch test
Test-host-064,192.168.100.64,cyan,true,Created by 300-host batch test
Test-host-065,192.168.100.65,cyan,true,Created by 300-host batch test
Test-host-066,192.168.100.66,cyan,true,Created by 300-host batch test
Test-host-067,192.168.100.67,cyan,true,Created by 300-host batch test
Test-host-068,192.168.100.68,cyan,true,Created by 300-host batch test
Test-host-069,192.168.100.69,cyan,true,Created by 300-host batch test
Test-host-070,192.168.100.70,cyan,true,Created by 300-host batch test
Test-host-071,192.168.100.71,cyan,true,Created by 300-host batch test
Test-host-072,192.168.100.72,cyan,true,Created by 300-host batch test
Test-host-073,192.168.100.73,cyan,true,Created by 300-host batch test
Test-host-074,192.168.100.74,cyan,true,Created by 300-host batch test
Test-host-075,192.168.100.75,cyan,true,Created by 300-host batch test
Test-host-076,192.168.100.76,cyan,true,Created by 300-host batch test
Test-host-077,192.168.100.77,cyan,true,Created by 300-host batch test
Test-host-078,192.168.100.78,cyan,true,Created by 300-host batch test
Test-host-079,192.168.100.79,cyan,true,Created by 300-host batch test
Test-host-080,192.168.100.80,cyan,true,Created by 300-host batch test
Test-host-081,192.168.100.81,cyan,true,Created by 300-host batch test
Test-host-082,192.168.100.82,cyan,true,Created by 300-host batch test
Test-host-083,192.168.100.83,cyan,true,Created by 300-host batch test
Test-host-084,192.168.100.84,cyan,true,Created by 300-host batch test
Test-host-085,192.168.100.85,cyan,true,Created by 300-host batch test
Test-host-086,192.168.100.86,cyan,true,Created by 300-host batch test
Test-host-087,192.168.100.87,cyan,true,Created by 300-host batch test
Test-host-088,192.168.100.88,cyan,true,Created by 300-host batch test
Test-host-089,192.168.100.89,cyan,true,Created by 300-host batch test
Test-host-090,192.168.100.90,cyan,true,Created by 300-host batch test
Test-host-091,192.168.100.91,cyan,true,Created by 300-host batch test
Test-host-092,192.168.100.92,cyan,true,Created by 300-host batch test
Test-host-093,192.168.100.93,cyan,true,Created by 300-host batch test
Test-host-094,192.168.100.94,cyan,true,Created by 300-host batch test
Test-host-095,192.168.100.95,cyan,true,Created by 300-host batch test
Test-host-096,192.168.100.96,cyan,true,Created by 300-host batch test
Test-host-097,192.168.100.97,cyan,true,Created by 300-host batch test
Test-host-098,192.168.100.98,cyan,true,Created by 300-host batch test
Test-host-099,192.168.100.99,cyan,true,Created by 300-host batch test
Test-host-100,192.168.100.100,cyan,true,Created by 300-host batch test
Test-host-101,192.168.100.101,cyan,true,Created by 300-host batch test
Test-host-102,192.168.100.102,cyan,true,Created by 300-host batch test
Test-host-103,192.168.100.103,cyan,true,Created by 300-host batch test
Test-host-104,192.168.100.104,cyan,true,Created by 300-host batch test
Test-host-105,192.168.100.105,cyan,true,Created by 300-host batch test
Test-host-106,192.168.100.106,cyan,true,Created by 300-host batch test
Test-host-107,192.168.100.107,cyan,true,Created by 300-host batch test
Test-host-108,192.168.100.108,cyan,true,Created by 300-host batch test
Test-host-109,192.168.100.109,cyan,true,Created by 300-host batch test
Test-host-110,192.168.100.110,cyan,true,Created by 300-host batch test
Test-host-111,192.168.100.111,cyan,true,Created by 300-host batch test
Test-host-112,192.168.100.112,cyan,true,Created by 300-host batch test
Test-host-113,192.168.100.113,cyan,true,Created by 300-host batch test
Test-host-114,192.168.100.114,cyan,true,Created by 300-host batch test
Test-host-115,192.168.100.115,cyan,true,Created by 300-host batch test
Test-host-116,192.168.100.116,cyan,true,Created by 300-host batch test
Test-host-117,192.168.100.117,cyan,true,Created by 300-host batch test
Test-host-118,192.168.100.118,cyan,true,Created by 300-host batch test
Test-host-119,192.168.100.119,cyan,true,Created by 300-host batch test
Test-host-120,192.168.100.120,cyan,true,Created by 300-host batch test
Test-host-121,192.168.100.121,cyan,true,Created by 300-host batch test
Test-host-122,192.168.100.122,cyan,true,Created by 300-host batch test
Test-host-123,192.168.100.123,cyan,true,Created by 300-host batch test
Test-host-124,192.168.100.124,cyan,true,Created by 300-host batch test
Test-host-125,192.168.100.125,cyan,true,Created by 300-host batch test
Test-host-126,192.168.100.126,cyan,true,Created by 300-host batch test
Test-host-127,192.168.100.127,cyan,true,Created by 300-host batch test
Test-host-128,192.168.100.128,cyan,true,Created by 300-host batch test
Test-host-129,192.168.100.129,cyan,true,Created by 300-host batch test
Test-host-130,192.168.100.130,cyan,true,Created by 300-host batch test
Test-host-131,192.168.100.131,cyan,true,Created by 300-host batch test
Test-host-132,192.168.100.132,cyan,true,Created by 300-host batch test
Test-host-133,192.168.100.133,cyan,true,Created by 300-host batch test
Test-host-134,192.168.100.134,cyan,true,Created by 300-host batch test
Test-host-135,192.168.100.135,cyan,true,Created by 300-host batch test
Test-host-136,192.168.100.136,cyan,true,Created by 300-host batch test
Test-host-137,192.168.100.137,cyan,true,Created by 300-host batch test
Test-host-138,192.168.100.138,cyan,true,Created by 300-host batch test
Test-host-139,192.168.100.139,cyan,true,Created by 300-host batch test
Test-host-140,192.168.100.140,cyan,true,Created by 300-host batch test
Test-host-141,192.168.100.141,cyan,true,Created by 300-host batch test
Test-host-142,192.168.100.142,cyan,true,Created by 300-host batch test
Test-host-143,192.168.100.143,cyan,true,Created by 300-host batch test
Test-host-144,192.168.100.144,cyan,true,Created by 300-host batch test
Test-host-145,192.168.100.145,cyan,true,Created by 300-host batch test
Test-host-146,192.168.100.146,cyan,true,Created by 300-host batch test
Test-host-147,192.168.100.147,cyan,true,Created by 300-host batch test
Test-host-148,192.168.100.148,cyan,true,Created by 300-host batch test
Test-host-149,192.168.100.149,cyan,true,Created by 300-host batch test
Test-host-150,192.168.100.150,cyan,true,Created by 300-host batch test
Test-host-151,192.168.100.151,cyan,true,Created by 300-host batch test
Test-host-152,192.168.100.152,cyan,true,Created by 300-host batch test
Test-host-153,192.168.100.153,cyan,true,Created by 300-host batch test
Test-host-154,192.168.100.154,cyan,true,Created by 300-host batch test
Test-host-155,192.168.100.155,cyan,true,Created by 300-host batch test
Test-host-156,192.168.100.156,cyan,true,Created by 300-host batch test
Test-host-157,192.168.100.157,cyan,true,Created by 300-host batch test
Test-host-158,192.168.100.158,cyan,true,Created by 300-host batch test
Test-host-159,192.168.100.159,cyan,true,Created by 300-host batch test
Test-host-160,192.168.100.160,cyan,true,Created by 300-host batch test
Test-host-161,192.168.100.161,cyan,true,Created by 300-host batch test
Test-host-162,192.168.100.162,cyan,true,Created by 300-host batch test
Test-host-163,192.168.100.163,cyan,true,Created by 300-host batch test
Test-host-164,192.168.100.164,cyan,true,Created by 300-host batch test
Test-host-165,192.168.100.165,cyan,true,Created by 300-host batch test
Test-host-166,192.168.100.166,cyan,true,Created by 300-host batch test
Test-host-167,192.168.100.167,cyan,true,Created by 300-host batch test
Test-host-168,192.168.100.168,cyan,true,Created by 300-host batch test
Test-host-169,192.168.100.169,cyan,true,Created by 300-host batch test
Test-host-170,192.168.100.170,cyan,true,Created by 300-host batch test
Test-host-171,192.168.100.171,cyan,true,Created by 300-host batch test
Test-host-172,192.168.100.172,cyan,true,Created by 300-host batch test
Test-host-173,192.168.100.173,cyan,true,Created by 300-host batch test
Test-host-174,192.168.100.174,cyan,true,Created by 300-host batch test
Test-host-175,192.168.100.175,cyan,true,Created by 300-host batch test
Test-host-176,192.168.100.176,cyan,true,Created by 300-host batch test
Test-host-177,192.168.100.177,cyan,true,Created by 300-host batch test
Test-host-178,192.168.100.178,cyan,true,Created by 300-host batch test
Test-host-179,192.168.100.179,cyan,true,Created by 300-host batch test
Test-host-180,192.168.100.180,cyan,true,Created by 300-host batch test
Test-host-181,192.168.100.181,cyan,true,Created by 300-host batch test
Test-host-182,192.168.100.182,cyan,true,Created by 300-host batch test
Test-host-183,192.168.100.183,cyan,true,Created by 300-host batch test
Test-host-184,192.168.100.184,cyan,true,Created by 300-host batch test
Test-host-185,192.168.100.185,cyan,true,Created by 300-host batch test
Test-host-186,192.168.100.186,cyan,true,Created by 300-host batch test
Test-host-187,192.168.100.187,cyan,true,Created by 300-host batch test
Test-host-188,192.168.100.188,cyan,true,Created by 300-host batch test
Test-host-189,192.168.100.189,cyan,true,Created by 300-host batch test
Test-host-190,192.168.100.190,cyan,true,Created by 300-host batch test
Test-host-191,192.168.100.191,cyan,true,Created by 300-host batch test
Test-host-192,192.168.100.192,cyan,true,Created by 300-host batch test
Test-host-193,192.168.100.193,cyan,true,Created by 300-host batch test
Test-host-194,192.168.100.194,cyan,true,Created by 300-host batch test
Test-host-195,192.168.100.195,cyan,true,Created by 300-host batch test
Test-host-196,192.168.100.196,cyan,true,Created by 300-host batch test
Test-host-197,192.168.100.197,cyan,true,Created by 300-host batch test
Test-host-198,192.168.100.198,cyan,true,Created by 300-host batch test
Test-host-199,192.168.100.199,cyan,true,Created by 300-host batch test
Test-host-200,192.168.100.200,cyan,true,Created by 300-host batch test
Test-host-201,192.168.100.201,cyan,true,Created by 300-host batch test
Test-host-202,192.168.100.202,cyan,true,Created by 300-host batch test
Test-host-203,192.168.100.203,cyan,true,Created by 300-host batch test
Test-host-204,192.168.100.204,cyan,true,Created by 300-host batch test
Test-host-205,192.168.100.205,cyan,true,Created by 300-host batch test
Test-host-206,192.168.100.206,cyan,true,Created by 300-host batch test
Test-host-207,192.168.100.207,cyan,true,Created by 300-host batch test
Test-host-208,192.168.100.208,cyan,true,Created by 300-host batch test
Test-host-209,192.168.100.209,cyan,true,Created by 300-host batch test
Test-host-210,192.168.100.210,cyan,true,Created by 300-host batch test
Test-host-211,192.168.100.211,cyan,true,Created by 300-host batch test
Test-host-212,192.168.100.212,cyan,true,Created by 300-host batch test
Test-host-213,192.168.100.213,cyan,true,Created by 300-host batch test
Test-host-214,192.168.100.214,cyan,true,Created by 300-host batch test
Test-host-215,192.168.100.215,cyan,true,Created by 300-host batch test
Test-host-216,192.168.100.216,cyan,true,Created by 300-host batch test
Test-host-217,192.168.100.217,cyan,true,Created by 300-host batch test
Test-host-218,192.168.100.218,cyan,true,Created by 300-host batch test
Test-host-219,192.168.100.219,cyan,true,Created by 300-host batch test
Test-host-220,192.168.100.220,cyan,true,Created by 300-host batch test
Test-host-221,192.168.100.221,cyan,true,Created by 300-host batch test
Test-host-222,192.168.100.222,cyan,true,Created by 300-host batch test
Test-host-223,192.168.100.223,cyan,true,Created by 300-host batch test
Test-host-224,192.168.100.224,cyan,true,Created by 300-host batch test
Test-host-225,192.168.100.225,cyan,true,Created by 300-host batch test
Test-host-226,192.168.100.226,cyan,true,Created by 300-host batch test
Test-host-227,192.168.100.227,cyan,true,Created by 300-host batch test
Test-host-228,192.168.100.228,cyan,true,Created by 300-host batch test
Test-host-229,192.168.100.229,cyan,true,Created by 300-host batch test
Test-host-230,192.168.100.230,cyan,true,Created by 300-host batch test
Test-host-231,192.168.100.231,cyan,true,Created by 300-host batch test
Test-host-232,192.168.100.232,cyan,true,Created by 300-host batch test
Test-host-233,192.168.100.233,cyan,true,Created by 300-host batch test
Test-host-234,192.168.100.234,cyan,true,Created by 300-host batch test
Test-host-235,192.168.100.235,cyan,true,Created by 300-host batch test
Test-host-236,192.168.100.236,cyan,true,Created by 300-host batch test
Test-host-237,192.168.100.237,cyan,true,Created by 300-host batch test
Test-host-238,192.168.100.238,cyan,true,Created by 300-host batch test
Test-host-239,192.168.100.239,cyan,true,Created by 300-host batch test
Test-host-240,192.168.100.240,cyan,true,Created by 300-host batch test
Test-host-241,192.168.100.241,cyan,true,Created by 300-host batch test
Test-host-242,192.168.100.242,cyan,true,Created by 300-host batch test
Test-host-243,192.168.100.243,cyan,true,Created by 300-host batch test
Test-host-244,192.168.100.244,cyan,true,Created by 300-host batch test
Test-host-245,192.168.100.245,cyan,true,Created by 300-host batch test
Test-host-246,192.168.100.246,cyan,true,Created by 300-host batch test
Test-host-247,192.168.100.247,cyan,true,Created by 300-host batch test
Test-host-248,192.168.100.248,cyan,true,Created by 300-host batch test
Test-host-249,192.168.100.249,cyan,true,Created by 300-host batch test
Test-host-250,192.168.100.250,cyan,true,Created by 300-host batch test
Test-host-251,192.168.100.251,cyan,true,Created by 300-host batch test
Test-host-252,192.168.100.252,cyan,true,Created by 300-host batch test
Test-host-253,192.168.100.253,cyan,true,Created by 300-host batch test
Test-host-254,192.168.100.254,cyan,true,Created by 300-host batch test
Test-host-255,192.168.101.1,cyan,true,Created by 300-host batch test
Test-host-256,192.168.101.2,cyan,true,Created by 300-host batch test
Test-host-257,192.168.101.3,cyan,true,Created by 300-host batch test
Test-host-258,192.168.101.4,cyan,true,Created by 300-host batch test
Test-host-259,192.168.101.5,cyan,true,Created by 300-host batch test
Test-host-260,192.168.101.6,cyan,true,Created by 300-host batch test
Test-host-261,192.168.101.7,cyan,true,Created by 300-host batch test
Test-host-262,192.168.101.8,cyan,true,Created by 300-host batch test
Test-host-263,192.168.101.9,cyan,true,Created by 300-host batch test
Test-host-264,192.168.101.10,cyan,true,Created by 300-host batch test
Test-host-265,192.168.101.11,cyan,true,Created by 300-host batch test
Test-host-266,192.168.101.12,cyan,true,Created by 300-host batch test
Test-host-267,192.168.101.13,cyan,true,Created by 300-host batch test
Test-host-268,192.168.101.14,cyan,true,Created by 300-host batch test
Test-host-269,192.168.101.15,cyan,true,Created by 300-host batch test
Test-host-270,192.168.101.16,cyan,true,Created by 300-host batch test
Test-host-271,192.168.101.17,cyan,true,Created by 300-host batch test
Test-host-272,192.168.101.18,cyan,true,Created by 300-host batch test
Test-host-273,192.168.101.19,cyan,true,Created by 300-host batch test
Test-host-274,192.168.101.20,cyan,true,Created by 300-host batch test
Test-host-275,192.168.101.21,cyan,true,Created by 300-host batch test
Test-host-276,192.168.101.22,cyan,true,Created by 300-host batch test
Test-host-277,192.168.101.23,cyan,true,Created by 300-host batch test
Test-host-278,192.168.101.24,cyan,true,Created by 300-host batch test
Test-host-279,192.168.101.25,cyan,true,Created by 300-host batch test
Test-host-280,192.168.101.26,cyan,true,Created by 300-host batch test
Test-host-281,192.168.101.27,cyan,true,Created by 300-host batch test
Test-host-282,192.168.101.28,cyan,true,Created by 300-host batch test
Test-host-283,192.168.101.29,cyan,true,Created by 300-host batch test
Test-host-284,192.168.101.30,cyan,true,Created by 300-host batch test
Test-host-285,192.168.101.31,cyan,true,Created by 300-host batch test
Test-host-286,192.168.101.32,cyan,true,Created by 300-host batch test
Test-host-287,192.168.101.33,cyan,true,Created by 300-host batch test
Test-host-288,192.168.101.34,cyan,true,Created by 300-host batch test
Test-host-289,192.168.101.35,cyan,true,Created by 300-host batch test
Test-host-290,192.168.101.36,cyan,true,Created by 300-host batch test
Test-host-291,192.168.101.37,cyan,true,Created by 300-host batch test
Test-host-292,192.168.101.38,cyan,true,Created by 300-host batch test
Test-host-293,192.168.101.39,cyan,true,Created by 300-host batch test
Test-host-294,192.168.101.40,cyan,true,Created by 300-host batch test
Test-host-295,192.168.101.41,cyan,true,Created by 300-host batch test
Test-host-296,192.168.101.42,cyan,true,Created by 300-host batch test
Test-host-297,192.168.101.43,cyan,true,Created by 300-host batch test
Test-host-298,192.168.101.44,cyan,true,Created by 300-host batch test
Test-host-299,192.168.101.45,cyan,true,Created by 300-host batch test
Test-host-300,192.168.101.46,cyan,true,Created by 300-host batch test
